name,email
Mike Koss,kali.dickinson@gottliebmante.info
Durward Boyer PhD,alia@hicklejerde.org
Dominique Schneider,alexis@ryan.biz
Taylor Carroll,genoveva@muellercormier.net
Dr. Danielle Kessler,clementine.botsford@johnswalsh.net
Providenci Reichel I,pierre.schmidt@huel.info
Bernadette Murazik,rebeca@lowe.biz
Ambrose King MD,kali.bode@schummnikolaus.biz
Maymie Hilpert,brandy@kirlinfeest.com
Damian Windler III,vada_stroman@oharacorwin.name
Dell Steuber DDS,chaz_reichel@murray.com
Jewell Russel V,eva@bruen.name
Mollie Rutherford,arnulfo.predovic@jones.com
Zackery Lynch,katarina@dooley.org
Aileen Heathcote,alyson.kuphal@feestkilback.com
Leonard Morissette,hertha_marks@auer.name
Omer Moore II,wiley_stamm@cain.net
Lionel O'Keefe,theresa@konopelski.net
Taylor Bins,victor_smitham@cronin.biz
Norval Hintz,natasha_moen@zieme.name
